hour_utc,fills,fee_micro_usdc,largest_single_fee_micro_usdc
2026-07-11T17,32,13130383,3600369
2026-07-11T18,4,262738,261124
2026-07-11T19,6,3539380,1468846
2026-07-11T20,12,744814,157727
2026-07-11T21,31,3472511,200707
2026-07-11T22,79,15996851,397866
2026-07-11T23,107,11039995,332480
2026-07-12T00,26,804511,145761
2026-07-12T01,58,18756697,3592596
2026-07-12T02,8,2560538,1440561
2026-07-12T03,5,2383173,1998910
2026-07-12T04,45,4286424,431308
2026-07-12T05,14,4894814,3585620
2026-07-12T06,10,1706081,422604
2026-07-12T07,11,1341879,172844
2026-07-12T08,15,3770738,1994790
2026-07-12T09,6,640031,194625
2026-07-12T10,5,469422,196650
2026-07-12T11,3,376977,158472
2026-07-12T12,13,736654,101240
2026-07-12T13,5,210374,101224
2026-07-12T14,4,2330778,1995225
2026-07-12T15,13,2573615,399643
2026-07-12T16,5,1128991,405647
2026-07-12T18,9,423995,93889
2026-07-12T19,3,4022570,4015225
2026-07-12T20,19,3683644,1591607
2026-07-12T21,7,3203306,1596680
2026-07-12T22,10,4938798,3598232
2026-07-12T23,9,628518,245093
2026-07-13T00,6,3482582,2661005
2026-07-13T01,43,4888531,708645
2026-07-13T02,58,13822197,3572232
2026-07-13T03,59,6242282,746854
2026-07-13T04,30,7849465,3369201
2026-07-13T05,28,8597017,2513406
2026-07-13T06,25,9739830,3597276
2026-07-13T07,26,4651014,1980658
2026-07-13T08,12,6106867,2458157
2026-07-13T09,9,882693,243753
2026-07-13T10,20,7290436,3614415
2026-07-13T11,38,5132808,771019
2026-07-13T12,27,16196994,4348033
2026-07-13T13,24,7595902,2810543
2026-07-13T14,40,8572869,4124228
2026-07-13T15,36,19411605,6925682
2026-07-13T16,34,2224571,841122
2026-07-13T17,34,4106690,2937403
2026-07-13T18,9,746696,371825
2026-07-13T19,4,8003635,5711914
2026-07-13T20,20,2559630,200135
2026-07-13T21,27,4762927,767752
2026-07-13T22,81,19233846,399066
2026-07-13T23,58,11647366,395272
2026-07-14T00,8,1676238,499480
2026-07-14T01,81,16180364,1164953
2026-07-14T02,66,16061188,2106361
2026-07-14T03,111,26199065,2992482
2026-07-14T04,92,16442169,388631
2026-07-14T05,80,23940873,798332
2026-07-14T06,62,24922733,800942
2026-07-14T07,57,21286795,3208846
2026-07-14T08,32,879085,216059
2026-07-14T09,119,1538519,197121
2026-07-14T10,28,4112131,712820
2026-07-14T11,113,234304111,82861620
2026-07-14T12,118,29947808,8388379
2026-07-14T13,97,11465229,3258851
2026-07-14T14,72,55829682,13484008
2026-07-14T15,61,10122749,2016931
2026-07-14T16,44,19310005,5869386
2026-07-14T17,36,27485320,6777422
2026-07-14T18,17,2740839,1103480
2026-07-14T19,6,163691,46884
2026-07-14T20,10,1264674,187348
2026-07-14T21,9,4350124,3140000
2026-07-14T22,9,371801,131586
2026-07-14T23,2,7793,3899
2026-07-15T00,6,3241151,3153600
2026-07-15T01,36,3415595,629200
2026-07-15T02,39,5299573,332080
2026-07-15T03,14,1176960,200299
2026-07-15T04,42,20960114,2433226
2026-07-15T05,51,20433087,9340800
2026-07-15T06,9,14111661,3998741
2026-07-15T07,21,2224357,198580
2026-07-15T08,46,5524706,2019961
2026-07-15T09,56,15190375,3160000
2026-07-15T10,49,6474151,1528172
2026-07-15T11,54,3858572,599628
2026-07-15T12,13,624334,199418
2026-07-15T13,25,3479142,1809981
2026-07-15T14,25,1232918,360830
2026-07-15T15,31,1680618,337520
2026-07-15T16,87,33505045,13711824
2026-07-15T17,74,6594076,820678
2026-07-15T18,13,2386852,381514
2026-07-15T19,66,11207601,798927
2026-07-15T20,22,1922062,165505
2026-07-15T21,45,22598266,4189336
2026-07-15T22,12,3668557,3079884
2026-07-15T23,124,40597772,795214
2026-07-16T00,174,28456998,780696
2026-07-16T01,155,38902199,1406743
2026-07-16T02,58,15128736,1011845
2026-07-16T03,160,34048766,2063653
2026-07-16T04,219,82190748,5306573
2026-07-16T05,80,33694302,2801000
2026-07-16T06,80,15873737,941532
2026-07-16T07,104,25815174,1283303
2026-07-16T08,190,53580925,2775067
2026-07-16T09,129,38794469,4208780
2026-07-16T10,52,15860944,1172955
2026-07-16T11,55,19502456,4095631
2026-07-16T12,34,19704931,5127131
2026-07-16T13,109,23637786,1211000
2026-07-16T14,83,23361371,5091792
2026-07-16T15,109,22900105,2173670
2026-07-16T16,64,13361940,2294602
2026-07-16T17,68,14224744,2028940
2026-07-16T18,46,14521052,3934409
2026-07-16T19,22,7516226,4248418
2026-07-16T20,18,7647155,800658
2026-07-16T21,95,7688966,412490
2026-07-16T22,69,22766070,2254560
2026-07-16T23,26,7146693,803777
2026-07-17T00,71,40091712,10824839
2026-07-17T01,48,9023104,429548
2026-07-17T02,16,3365313,392871
2026-07-17T03,32,5589388,403739
2026-07-17T04,54,18611873,6847799
2026-07-17T05,128,39744412,11169494
2026-07-17T06,73,10616454,553745
2026-07-17T07,215,53048754,799961
2026-07-17T08,53,15550476,1145708
2026-07-17T09,181,54984797,1302785
2026-07-17T10,25,7756755,1274262
2026-07-17T11,53,12180784,802129
2026-07-17T12,78,40073212,1083772
2026-07-17T13,208,77087201,826531
2026-07-17T14,80,23313785,788658
2026-07-17T15,30,3904781,785258
2026-07-17T16,40,10164339,805216
2026-07-17T17,67,20890326,805085
2026-07-17T18,19,1298908,210846
2026-07-17T19,60,5784093,241554
2026-07-17T20,102,41796382,2360708
2026-07-17T21,82,19063219,1051219
2026-07-17T22,37,10588922,1066480
2026-07-17T23,13,3313629,397311
2026-07-18T00,25,9370213,1850963
2026-07-18T01,13,1857680,381235
2026-07-18T02,19,1935510,190761
2026-07-18T03,12,622695,121194
2026-07-18T04,5,2818641,2789804
2026-07-18T05,2,481258,240768
2026-07-18T06,49,4100935,481986
2026-07-18T07,40,2341932,200401
2026-07-18T08,18,395740,286800
2026-07-18T09,55,3999027,2801270
2026-07-18T10,40,919989,73994
2026-07-18T11,13,779341,483064
2026-07-18T12,55,5516242,408562
2026-07-18T13,46,9086959,1281620
2026-07-18T14,49,2208148,209846
2026-07-18T15,46,4116587,2080747
2026-07-18T16,26,3130188,1207178
2026-07-18T17,19,517816,201387
2026-07-18T18,29,8180205,992591
2026-07-18T19,17,2928745,2823201
2026-07-18T20,18,5218490,1289960
2026-07-18T21,27,1270463,1070975
2026-07-18T22,37,895538,139393
2026-07-18T23,9,37560,6958
2026-07-19T00,26,819798,95232
2026-07-19T01,16,1515893,879865
2026-07-19T02,21,185845,30320
2026-07-19T03,13,1786573,1737464
2026-07-19T04,19,952050,400270
2026-07-19T05,71,6505141,2807980
2026-07-19T06,49,1397058,80482
2026-07-19T07,32,762546,302373
2026-07-19T08,14,947352,892653
2026-07-19T09,26,3862572,799683
2026-07-19T10,51,9979984,799457
2026-07-19T11,39,4744315,195390
2026-07-19T12,22,135630,27706
2026-07-19T13,19,1705174,801950
2026-07-19T14,19,988121,800204
2026-07-19T15,24,5239114,1162008
2026-07-19T16,15,122488,43524
2026-07-19T17,20,3469147,2809910
2026-07-19T18,16,131589,41437
2026-07-19T19,19,832828,307756
2026-07-19T20,13,383845,80602
2026-07-19T21,14,99319,41140
2026-07-19T22,28,35851762,25987708
2026-07-19T23,29,1858441,1292640
2026-07-20T00,29,1535057,386803
2026-07-20T01,27,35697943,35158800
2026-07-20T02,21,389845,153024
2026-07-20T03,38,1616212,281027
2026-07-20T04,20,5704297,2791686
2026-07-20T05,18,83247,16982
2026-07-20T06,30,2119925,795871
2026-07-20T07,28,4724750,1808729
2026-07-20T08,83,22676071,2778645
2026-07-20T09,62,21424421,3677595
2026-07-20T10,14,4699766,4460474
2026-07-20T11,22,2811147,1392477
2026-07-20T12,25,11198416,2863078
2026-07-20T13,17,2094262,1996620
2026-07-20T14,34,10549775,4208000
2026-07-20T15,29,3369715,1991701
2026-07-20T16,18,322443,105914
2026-07-20T17,54,1413138,246645
2026-07-20T18,107,16026420,404328
2026-07-20T19,35,5094359,407991
2026-07-20T20,32,10613989,810113
2026-07-20T21,60,11617303,2211950
2026-07-20T22,37,7550785,807120
2026-07-20T23,20,98053,13862
2026-07-21T00,71,12332819,821102
2026-07-21T01,72,14893853,1343256
2026-07-21T02,67,15900727,819105
2026-07-21T03,49,3746415,795832
2026-07-21T04,27,5608220,1068331
2026-07-21T05,14,2075738,2019594
2026-07-21T06,12,125012,39662
2026-07-21T07,17,1017332,403935
2026-07-21T08,27,1058143,401829
2026-07-21T09,30,16472185,2601251
2026-07-21T10,20,557332,319760
2026-07-21T11,65,3904192,438904
2026-07-21T12,87,3368626,398975
2026-07-21T13,63,6712895,897664
2026-07-21T14,62,15044629,1929585
2026-07-21T15,67,6052285,1040864
2026-07-21T16,48,5716253,1390405
2026-07-21T17,74,10342124,1526556
2026-07-21T18,46,653258,92552
2026-07-21T19,62,842812,71913
2026-07-21T20,40,31153102,30121230
2026-07-21T21,67,10528469,9231722
2026-07-21T22,97,8769715,1846966
2026-07-21T23,62,1095372,39952
2026-07-22T00,56,41635934,39602379
2026-07-22T01,54,319572,27900
2026-07-22T02,53,732135,59903
2026-07-22T03,26,2108945,2002209
2026-07-22T04,33,2216063,2001447
2026-07-22T05,56,1925281,81164
2026-07-22T06,50,2226871,92321
2026-07-22T07,31,2380591,1983639
2026-07-22T08,71,14658447,1219753
2026-07-22T09,178,38755110,2081650
2026-07-22T10,112,36121761,806003
2026-07-22T11,33,3764929,809797
2026-07-22T12,64,15457822,798771
2026-07-22T13,78,10622331,1017603
2026-07-22T14,79,3699739,480584
2026-07-22T15,90,11366676,4152747
2026-07-22T16,33,1132551,468830
2026-07-22T17,54,6155480,4173578
2026-07-22T18,29,29220166,8921238
2026-07-22T19,36,18179143,13093786
2026-07-22T20,27,152503,15767
2026-07-22T21,19,151199,79905
2026-07-22T22,28,136489,18547
2026-07-22T23,39,3895939,395057
2026-07-23T00,64,53330964,1998587
2026-07-23T01,28,3123423,1884671
2026-07-23T02,66,26337323,3819904
2026-07-23T03,58,12522729,2007029
2026-07-23T04,33,424568,195874
2026-07-23T05,30,627954,231435
2026-07-23T06,28,1270759,945487
2026-07-23T07,49,6043757,969185
2026-07-23T08,81,19405198,1952765
2026-07-23T09,78,50243087,4907542
2026-07-23T10,67,57198378,11186679
2026-07-23T11,50,6185805,3753783
2026-07-23T12,53,35182676,20829760
2026-07-23T13,88,14029187,4153600
2026-07-23T14,49,11651415,4420121
2026-07-23T15,73,31786147,7602068
2026-07-23T16,41,16224214,7453567
2026-07-23T17,39,1138074,464280
2026-07-23T18,50,53713073,28491562
2026-07-23T19,75,1075120,297570
2026-07-23T20,52,4345152,1524804
2026-07-23T21,27,1932107,1115135
2026-07-23T22,23,2534161,1294136
2026-07-23T23,18,1348331,1282000
2026-07-24T00,20,8183637,6808356
2026-07-24T01,21,1824544,939183
2026-07-24T02,29,4104805,1602518
2026-07-24T03,73,11463004,1850018
2026-07-24T04,50,16849050,1998537
2026-07-24T05,68,10929527,1939162
2026-07-24T06,81,12185257,2601645
2026-07-24T07,40,7885292,1237704
2026-07-24T08,41,4019120,617774
2026-07-24T09,45,9087021,2584378
2026-07-24T10,86,50214762,3992801
2026-07-24T11,61,18398168,2224202
2026-07-24T12,101,31245888,2221699
2026-07-24T13,100,43290376,7968738
2026-07-24T14,77,60612223,22246218
2026-07-24T15,46,20363867,8149603
2026-07-24T16,36,7806353,1930966
2026-07-24T17,47,16658417,2221201
2026-07-24T18,100,106333954,27837557
2026-07-24T19,58,25026758,2222362
2026-07-24T20,29,393141,196089
2026-07-24T21,29,5441896,1111325
2026-07-24T22,25,642510,525533
2026-07-24T23,27,21311824,19220509
2026-07-25T00,21,2155275,997862
2026-07-25T01,26,9670485,9495135
2026-07-25T02,21,1447689,399611
2026-07-25T03,15,470297,380266
2026-07-25T04,42,14520526,2675170
2026-07-25T05,40,5475994,1000963
2026-07-25T06,47,28335936,13448259
2026-07-25T07,47,16656333,2005190
2026-07-25T08,111,18603577,2392903
2026-07-25T09,92,15962616,1820270
2026-07-25T10,37,4980121,1820611
2026-07-25T11,25,158288,59960
2026-07-25T12,25,524019,212279
2026-07-25T13,47,3342760,476168
2026-07-25T14,54,600290,117636
2026-07-25T15,48,20730011,16021136
2026-07-25T16,39,726864,144953
2026-07-25T17,26,2866166,2612432
2026-07-25T18,35,4663474,1662583
2026-07-25T19,18,10118167,8380365
2026-07-25T20,21,387243,305348
2026-07-25T21,21,1755975,502781
2026-07-25T22,24,2992753,1997506
2026-07-25T23,23,215503,81867
2026-07-26T00,15,2059896,1009697
2026-07-26T01,17,458427,201816
2026-07-26T02,25,5792377,1401810
2026-07-26T03,40,8016743,2807126
2026-07-26T04,40,12099446,1953176
2026-07-26T05,120,26160535,2003115
2026-07-26T06,111,34141812,3344738
2026-07-26T07,64,22466447,2257152
2026-07-26T08,60,14343572,2155354
2026-07-26T09,35,3459339,1382002
2026-07-26T10,27,5513561,2016473
2026-07-26T11,23,1317419,753667
2026-07-26T12,34,1966499,756207
2026-07-26T13,15,198042,74540
2026-07-26T14,28,3367822,1004723
2026-07-26T15,11,42443,3888
2026-07-26T16,17,2987254,1197000
2026-07-26T17,12,235474,98348
2026-07-26T18,10,38768,3881
2026-07-26T19,16,12822626,6054143
2026-07-26T20,45,1198285,443756
2026-07-26T21,27,295630,32493
2026-07-26T22,22,9959937,8727819
2026-07-26T23,24,743817,390729
2026-07-27T00,37,21868342,6117833
2026-07-27T01,22,89890,8867
2026-07-27T02,40,5660185,2795321
2026-07-27T03,44,6079435,1375404
2026-07-27T04,40,10004409,2026087
2026-07-27T05,56,3123521,373975
2026-07-27T06,43,8066180,2036493
2026-07-27T07,32,4974372,2760024
2026-07-27T08,49,6783314,1028853
2026-07-27T09,81,10562799,2599418
2026-07-27T10,67,3807372,809187
2026-07-27T11,49,9710050,8060708
2026-07-27T12,32,1571370,1174666
2026-07-27T13,83,52405917,24071600
2026-07-27T14,57,21474802,12672452
2026-07-27T15,37,7410909,1488338
2026-07-27T16,35,13418707,6604363
2026-07-27T17,37,77394675,53400859
2026-07-27T18,18,868956,798890
2026-07-27T19,22,2688991,1794546
2026-07-27T20,91,8178879,1463888
